model,Category,Category Value,Precision,Recall,F1,Accuracy
D1V1DE_bias-detection,Type,center,1.0,0.8970588235294118,0.9457364341085271,0.8970588235294118
D1V1DE_bias-detection,Type,left,1.0,0.31527093596059114,0.4794007490636704,0.31527093596059114
D1V1DE_bias-detection,Type,right,1.0,0.3350253807106599,0.5019011406844106,0.3350253807106599
D1V1DE_bias-detection,Topic,#metoo,1.0,1.0,1.0,1.0
D1V1DE_bias-detection,Topic,abortion,0.7647058823529411,0.35135135135135137,0.48148148148148145,0.391304347826087
D1V1DE_bias-detection,Topic,blm,0.4576271186440678,0.574468085106383,0.5094339622641509,0.38095238095238093
D1V1DE_bias-detection,Topic,coronavirus,0.6666666666666666,0.47058823529411764,0.5517241379310345,0.38095238095238093
D1V1DE_bias-detection,Topic,elections-2020,0.6923076923076923,0.391304347826087,0.5,0.3793103448275862
D1V1DE_bias-detection,Topic,environment,0.8,0.48484848484848486,0.6037735849056604,0.475
D1V1DE_bias-detection,Topic,gender,0.7692307692307693,0.5263157894736842,0.625,0.45454545454545453
D1V1DE_bias-detection,Topic,gun control,0.7333333333333333,0.44,0.55,0.38636363636363635
D1V1DE_bias-detection,Topic,immigration,0.7692307692307693,0.43478260869565216,0.5555555555555556,0.5294117647058824
D1V1DE_bias-detection,Topic,international-politics-and-world-news,0.5263157894736842,0.5882352941176471,0.5555555555555556,0.38461538461538464
D1V1DE_bias-detection,Topic,islam,0.0,0.0,0.0,0.4857142857142857
D1V1DE_bias-detection,Topic,marriage-equality,0.0,0.0,0.0,0.7058823529411765
D1V1DE_bias-detection,Topic,middle-class,0.9444444444444444,0.6538461538461539,0.7727272727272727,0.6296296296296297
D1V1DE_bias-detection,Topic,sport,1.0,0.7241379310344828,0.84,0.7241379310344828
D1V1DE_bias-detection,Topic,student-debt,1.0,0.3181818181818182,0.4827586206896552,0.3181818181818182
D1V1DE_bias-detection,Topic,taxes,0.9655172413793104,0.5384615384615384,0.691358024691358,0.5370370370370371
D1V1DE_bias-detection,Topic,trump-presidency,1.0,0.2692307692307692,0.42424242424242425,0.2962962962962963
D1V1DE_bias-detection,Topic,universal health care,0.9090909090909091,0.47619047619047616,0.625,0.48936170212765956
D1V1DE_bias-detection,Topic,vaccines,0.16279069767441862,0.30434782608695654,0.21212121212121213,0.4157303370786517
D1V1DE_bias-detection,Topic,white-nationalism,0.5,0.15789473684210525,0.24,0.36666666666666664
d4data_bias-detection-model,Type,center,1.0,0.3088235294117647,0.47191011235955055,0.3088235294117647
d4data_bias-detection-model,Type,left,1.0,0.6798029556650246,0.8093841642228738,0.6798029556650246
d4data_bias-detection-model,Type,right,1.0,0.6852791878172588,0.8132530120481928,0.6852791878172588
d4data_bias-detection-model,Topic,#metoo,0.75,0.5,0.6,0.42857142857142855
d4data_bias-detection-model,Topic,abortion,0.7647058823529411,0.7027027027027027,0.7323943661971831,0.5869565217391305
d4data_bias-detection-model,Topic,blm,0.6666666666666666,0.6808510638297872,0.6736842105263158,0.6309523809523809
d4data_bias-detection-model,Topic,coronavirus,0.9,0.5294117647058824,0.6666666666666666,0.5714285714285714
d4data_bias-detection-model,Topic,elections-2020,0.7777777777777778,0.6086956521739131,0.6829268292682927,0.5517241379310345
d4data_bias-detection-model,Topic,environment,0.75,0.5454545454545454,0.631578947368421,0.475
d4data_bias-detection-model,Topic,gender,0.9,0.47368421052631576,0.6206896551724138,0.5
d4data_bias-detection-model,Topic,gun control,0.9245283018867925,0.6533333333333333,0.765625,0.6590909090909091
d4data_bias-detection-model,Topic,immigration,0.65,0.5652173913043478,0.6046511627906976,0.5
d4data_bias-detection-model,Topic,international-politics-and-world-news,0.75,0.5294117647058824,0.6206896551724138,0.5769230769230769
d4data_bias-detection-model,Topic,islam,0.0,0.0,0.0,0.34285714285714286
d4data_bias-detection-model,Topic,marriage-equality,0.0,0.0,0.0,0.35294117647058826
d4data_bias-detection-model,Topic,middle-class,1.0,0.5,0.6666666666666666,0.5185185185185185
d4data_bias-detection-model,Topic,sport,1.0,0.5172413793103449,0.6818181818181818,0.5172413793103449
d4data_bias-detection-model,Topic,student-debt,1.0,0.6818181818181818,0.8108108108108109,0.6818181818181818
d4data_bias-detection-model,Topic,taxes,0.9285714285714286,0.5,0.65,0.48148148148148145
d4data_bias-detection-model,Topic,trump-presidency,0.9444444444444444,0.6538461538461539,0.7727272727272727,0.6296296296296297
d4data_bias-detection-model,Topic,universal health care,0.875,0.5,0.6363636363636364,0.48936170212765956
d4data_bias-detection-model,Topic,vaccines,0.24489795918367346,0.5217391304347826,0.3333333333333333,0.4606741573033708
d4data_bias-detection-model,Topic,white-nationalism,0.5833333333333334,0.7368421052631579,0.6511627906976745,0.5
valurank_distilroberta-bias,Type,center,1.0,0.3014705882352941,0.4632768361581921,0.3014705882352941
valurank_distilroberta-bias,Type,left,1.0,0.7044334975369458,0.8265895953757225,0.7044334975369458
valurank_distilroberta-bias,Type,right,1.0,0.6395939086294417,0.7801857585139319,0.6395939086294417
valurank_distilroberta-bias,Topic,#metoo,1.0,0.16666666666666666,0.2857142857142857,0.2857142857142857
valurank_distilroberta-bias,Topic,abortion,0.8709677419354839,0.7297297297297297,0.7941176470588235,0.6956521739130435
valurank_distilroberta-bias,Topic,blm,0.5882352941176471,0.425531914893617,0.49382716049382713,0.5119047619047619
valurank_distilroberta-bias,Topic,coronavirus,0.8461538461538461,0.6470588235294118,0.7333333333333333,0.6190476190476191
valurank_distilroberta-bias,Topic,elections-2020,0.7857142857142857,0.4782608695652174,0.5945945945945946,0.4827586206896552
valurank_distilroberta-bias,Topic,environment,0.9,0.5454545454545454,0.6792452830188679,0.575
valurank_distilroberta-bias,Topic,gender,0.9230769230769231,0.631578947368421,0.75,0.6363636363636364
valurank_distilroberta-bias,Topic,gun control,0.9245283018867925,0.6533333333333333,0.765625,0.6590909090909091
valurank_distilroberta-bias,Topic,immigration,0.7894736842105263,0.6521739130434783,0.7142857142857143,0.6470588235294118
valurank_distilroberta-bias,Topic,international-politics-and-world-news,0.75,0.5294117647058824,0.6206896551724138,0.5769230769230769
valurank_distilroberta-bias,Topic,islam,0.0,0.0,0.0,0.34285714285714286
valurank_distilroberta-bias,Topic,marriage-equality,0.0,0.0,0.0,0.3382352941176471
valurank_distilroberta-bias,Topic,middle-class,0.9375,0.5769230769230769,0.7142857142857143,0.5555555555555556
valurank_distilroberta-bias,Topic,sport,1.0,0.4827586206896552,0.6511627906976745,0.4827586206896552
valurank_distilroberta-bias,Topic,student-debt,1.0,0.5454545454545454,0.7058823529411765,0.5454545454545454
valurank_distilroberta-bias,Topic,taxes,0.9310344827586207,0.5192307692307693,0.6666666666666666,0.5
valurank_distilroberta-bias,Topic,trump-presidency,0.9444444444444444,0.6538461538461539,0.7727272727272727,0.6296296296296297
valurank_distilroberta-bias,Topic,universal health care,0.8148148148148148,0.5238095238095238,0.6376811594202898,0.46808510638297873
valurank_distilroberta-bias,Topic,vaccines,0.3125,0.6521739130434783,0.4225352112676056,0.5393258426966292
valurank_distilroberta-bias,Topic,white-nationalism,0.7142857142857143,0.7894736842105263,0.75,0.6666666666666666
D1V1DE-on-BABE,Type,center,1.0,0.058823529411764705,0.1111111111111111,0.058823529411764705
D1V1DE-on-BABE,Type,left,1.0,0.12315270935960591,0.21929824561403508,0.12315270935960591
D1V1DE-on-BABE,Type,right,1.0,0.10152284263959391,0.18433179723502305,0.10152284263959391
D1V1DE-on-BABE,Topic,#metoo,1.0,0.16666666666666666,0.2857142857142857,0.2857142857142857
D1V1DE-on-BABE,Topic,abortion,0.4444444444444444,0.10810810810810811,0.17391304347826086,0.17391304347826086
D1V1DE-on-BABE,Topic,blm,0.34782608695652173,0.1702127659574468,0.22857142857142856,0.35714285714285715
D1V1DE-on-BABE,Topic,coronavirus,0.7142857142857143,0.29411764705882354,0.4166666666666667,0.3333333333333333
D1V1DE-on-BABE,Topic,elections-2020,0.25,0.043478260869565216,0.07407407407407407,0.13793103448275862
D1V1DE-on-BABE,Topic,environment,0.4444444444444444,0.12121212121212122,0.19047619047619047,0.15
D1V1DE-on-BABE,Topic,gender,0.6666666666666666,0.21052631578947367,0.32,0.22727272727272727
D1V1DE-on-BABE,Topic,gun control,0.5333333333333333,0.10666666666666667,0.17777777777777778,0.1590909090909091
D1V1DE-on-BABE,Topic,immigration,0.0,0.0,0.0,0.17647058823529413
D1V1DE-on-BABE,Topic,international-politics-and-world-news,0.0,0.0,0.0,0.038461538461538464
D1V1DE-on-BABE,Topic,islam,0.0,0.0,0.0,0.4
D1V1DE-on-BABE,Topic,marriage-equality,0.0,0.0,0.0,0.5294117647058824
D1V1DE-on-BABE,Topic,middle-class,0.0,0.0,0.0,0.037037037037037035
D1V1DE-on-BABE,Topic,sport,1.0,0.034482758620689655,0.06666666666666667,0.034482758620689655
D1V1DE-on-BABE,Topic,student-debt,0.0,0.0,0.0,0.0
D1V1DE-on-BABE,Topic,taxes,1.0,0.057692307692307696,0.10909090909090909,0.09259259259259259
D1V1DE-on-BABE,Topic,trump-presidency,0.0,0.0,0.0,0.037037037037037035
D1V1DE-on-BABE,Topic,universal health care,1.0,0.19047619047619047,0.32,0.2765957446808511
D1V1DE-on-BABE,Topic,vaccines,0.13157894736842105,0.21739130434782608,0.16393442622950818,0.42696629213483145
D1V1DE-on-BABE,Topic,white-nationalism,0.125,0.05263157894736842,0.07407407407407407,0.16666666666666666
D4DATA-on-BABE,Type,center,1.0,0.875,0.9333333333333333,0.875
D4DATA-on-BABE,Type,left,1.0,0.8275862068965517,0.9056603773584906,0.8275862068965517
D4DATA-on-BABE,Type,right,1.0,0.8426395939086294,0.9146005509641874,0.8426395939086294
D4DATA-on-BABE,Topic,#metoo,0.6666666666666666,0.3333333333333333,0.4444444444444444,0.2857142857142857
D4DATA-on-BABE,Topic,abortion,0.9459459459459459,0.9459459459459459,0.9459459459459459,0.9130434782608695
D4DATA-on-BABE,Topic,blm,0.6829268292682927,0.5957446808510638,0.6363636363636364,0.6190476190476191
D4DATA-on-BABE,Topic,coronavirus,1.0,0.8823529411764706,0.9375,0.9047619047619048
D4DATA-on-BABE,Topic,elections-2020,0.8846153846153846,1.0,0.9387755102040817,0.896551724137931
D4DATA-on-BABE,Topic,environment,0.9,0.8181818181818182,0.8571428571428571,0.775
D4DATA-on-BABE,Topic,gender,1.0,0.7894736842105263,0.8823529411764706,0.8181818181818182
D4DATA-on-BABE,Topic,gun control,0.927536231884058,0.8533333333333334,0.8888888888888888,0.8181818181818182
D4DATA-on-BABE,Topic,immigration,0.8461538461538461,0.9565217391304348,0.8979591836734694,0.8529411764705882
D4DATA-on-BABE,Topic,international-politics-and-world-news,1.0,0.9411764705882353,0.9696969696969697,0.9615384615384616
D4DATA-on-BABE,Topic,islam,0.0,0.0,0.0,0.42857142857142855
D4DATA-on-BABE,Topic,marriage-equality,0.0,0.0,0.0,0.6470588235294118
D4DATA-on-BABE,Topic,middle-class,0.9629629629629629,1.0,0.9811320754716981,0.9629629629629629
D4DATA-on-BABE,Topic,sport,1.0,0.9310344827586207,0.9642857142857143,0.9310344827586207
D4DATA-on-BABE,Topic,student-debt,1.0,1.0,1.0,1.0
D4DATA-on-BABE,Topic,taxes,0.9574468085106383,0.8653846153846154,0.9090909090909091,0.8333333333333334
D4DATA-on-BABE,Topic,trump-presidency,0.9615384615384616,0.9615384615384616,0.9615384615384616,0.9259259259259259
D4DATA-on-BABE,Topic,universal health care,0.8709677419354839,0.6428571428571429,0.7397260273972602,0.5957446808510638
D4DATA-on-BABE,Topic,vaccines,0.36,0.782608695652174,0.4931506849315068,0.5842696629213483
D4DATA-on-BABE,Topic,white-nationalism,0.8421052631578947,0.8421052631578947,0.8421052631578947,0.8
VALURANK-on-BABE,Type,center,1.0,0.08823529411764706,0.16216216216216217,0.08823529411764706
VALURANK-on-BABE,Type,left,1.0,0.11822660098522167,0.21145374449339208,0.11822660098522167
VALURANK-on-BABE,Type,right,1.0,0.1065989847715736,0.1926605504587156,0.1065989847715736
VALURANK-on-BABE,Topic,#metoo,1.0,0.3333333333333333,0.5,0.42857142857142855
VALURANK-on-BABE,Topic,abortion,0.2727272727272727,0.08108108108108109,0.125,0.08695652173913043
VALURANK-on-BABE,Topic,blm,0.3333333333333333,0.14893617021276595,0.20588235294117646,0.35714285714285715
VALURANK-on-BABE,Topic,coronavirus,0.6,0.35294117647058826,0.4444444444444444,0.2857142857142857
VALURANK-on-BABE,Topic,elections-2020,0.5,0.13043478260869565,0.20689655172413793,0.20689655172413793
VALURANK-on-BABE,Topic,environment,0.16666666666666666,0.030303030303030304,0.05128205128205128,0.075
VALURANK-on-BABE,Topic,gender,0.25,0.05263157894736842,0.08695652173913043,0.045454545454545456
VALURANK-on-BABE,Topic,gun control,0.5294117647058824,0.12,0.1956521739130435,0.1590909090909091
VALURANK-on-BABE,Topic,immigration,0.14285714285714285,0.043478260869565216,0.06666666666666667,0.17647058823529413
VALURANK-on-BABE,Topic,international-politics-and-world-news,0.4166666666666667,0.29411764705882354,0.3448275862068966,0.2692307692307692
VALURANK-on-BABE,Topic,islam,0.0,0.0,0.0,0.34285714285714286
VALURANK-on-BABE,Topic,marriage-equality,0.0,0.0,0.0,0.4411764705882353
VALURANK-on-BABE,Topic,middle-class,0.0,0.0,0.0,0.0
VALURANK-on-BABE,Topic,sport,0.0,0.0,0.0,0.0
VALURANK-on-BABE,Topic,student-debt,1.0,0.045454545454545456,0.08695652173913043,0.045454545454545456
VALURANK-on-BABE,Topic,taxes,1.0,0.057692307692307696,0.10909090909090909,0.09259259259259259
VALURANK-on-BABE,Topic,trump-presidency,0.0,0.0,0.0,0.037037037037037035
VALURANK-on-BABE,Topic,universal health care,1.0,0.21428571428571427,0.35294117647058826,0.2978723404255319
VALURANK-on-BABE,Topic,vaccines,0.07142857142857142,0.13043478260869565,0.09230769230769231,0.33707865168539325
VALURANK-on-BABE,Topic,white-nationalism,0.3,0.15789473684210525,0.20689655172413793,0.23333333333333334
D1V1DE-on-PRANJALI,Type,center,1.0,0.8308823529411765,0.9076305220883534,0.8308823529411765
D1V1DE-on-PRANJALI,Type,left,1.0,0.4088669950738916,0.5804195804195804,0.4088669950738916
D1V1DE-on-PRANJALI,Type,right,1.0,0.4213197969543147,0.5928571428571429,0.4213197969543147
D1V1DE-on-PRANJALI,Topic,#metoo,1.0,0.8333333333333334,0.9090909090909091,0.8571428571428571
D1V1DE-on-PRANJALI,Topic,abortion,0.7727272727272727,0.4594594594594595,0.576271186440678,0.45652173913043476
D1V1DE-on-PRANJALI,Topic,blm,0.49230769230769234,0.6808510638297872,0.5714285714285714,0.42857142857142855
D1V1DE-on-PRANJALI,Topic,coronavirus,0.7777777777777778,0.8235294117647058,0.8,0.6666666666666666
D1V1DE-on-PRANJALI,Topic,elections-2020,0.7857142857142857,0.4782608695652174,0.5945945945945946,0.4827586206896552
D1V1DE-on-PRANJALI,Topic,environment,0.72,0.5454545454545454,0.6206896551724138,0.45
D1V1DE-on-PRANJALI,Topic,gender,0.8,0.42105263157894735,0.5517241379310345,0.4090909090909091
D1V1DE-on-PRANJALI,Topic,gun control,0.7777777777777778,0.56,0.6511627906976745,0.48863636363636365
D1V1DE-on-PRANJALI,Topic,immigration,0.6,0.391304347826087,0.47368421052631576,0.4117647058823529
D1V1DE-on-PRANJALI,Topic,international-politics-and-world-news,0.4375,0.4117647058823529,0.42424242424242425,0.2692307692307692
D1V1DE-on-PRANJALI,Topic,islam,0.0,0.0,0.0,0.4857142857142857
D1V1DE-on-PRANJALI,Topic,marriage-equality,0.0,0.0,0.0,0.5882352941176471
D1V1DE-on-PRANJALI,Topic,middle-class,0.9,0.34615384615384615,0.5,0.3333333333333333
D1V1DE-on-PRANJALI,Topic,sport,1.0,0.6551724137931034,0.7916666666666666,0.6551724137931034
D1V1DE-on-PRANJALI,Topic,student-debt,1.0,0.5454545454545454,0.7058823529411765,0.5454545454545454
D1V1DE-on-PRANJALI,Topic,taxes,0.967741935483871,0.5769230769230769,0.7228915662650602,0.5740740740740741
D1V1DE-on-PRANJALI,Topic,trump-presidency,0.875,0.2692307692307692,0.4117647058823529,0.25925925925925924
D1V1DE-on-PRANJALI,Topic,universal health care,0.92,0.5476190476190477,0.6865671641791045,0.5531914893617021
D1V1DE-on-PRANJALI,Topic,vaccines,0.19607843137254902,0.43478260869565216,0.2702702702702703,0.39325842696629215
D1V1DE-on-PRANJALI,Topic,white-nationalism,0.6,0.3157894736842105,0.41379310344827586,0.43333333333333335
D4DATA-on-PRANJALI,Type,center,1.0,0.2426470588235294,0.3905325443786982,0.2426470588235294
D4DATA-on-PRANJALI,Type,left,1.0,0.5714285714285714,0.7272727272727273,0.5714285714285714
D4DATA-on-PRANJALI,Type,right,1.0,0.6192893401015228,0.7648902821316614,0.6192893401015228
D4DATA-on-PRANJALI,Topic,#metoo,0.8,0.6666666666666666,0.7272727272727273,0.5714285714285714
D4DATA-on-PRANJALI,Topic,abortion,0.8275862068965517,0.6486486486486487,0.7272727272727273,0.6086956521739131
D4DATA-on-PRANJALI,Topic,blm,0.6923076923076923,0.574468085106383,0.627906976744186,0.6190476190476191
D4DATA-on-PRANJALI,Topic,coronavirus,1.0,0.4117647058823529,0.5833333333333334,0.5238095238095238
D4DATA-on-PRANJALI,Topic,elections-2020,0.8666666666666667,0.5652173913043478,0.6842105263157895,0.5862068965517241
D4DATA-on-PRANJALI,Topic,environment,0.7894736842105263,0.45454545454545453,0.5769230769230769,0.45
D4DATA-on-PRANJALI,Topic,gender,0.8888888888888888,0.42105263157894735,0.5714285714285714,0.45454545454545453
D4DATA-on-PRANJALI,Topic,gun control,0.925,0.49333333333333335,0.6434782608695652,0.5340909090909091
D4DATA-on-PRANJALI,Topic,immigration,0.75,0.6521739130434783,0.6976744186046512,0.6176470588235294
D4DATA-on-PRANJALI,Topic,international-politics-and-world-news,0.75,0.5294117647058824,0.6206896551724138,0.5769230769230769
D4DATA-on-PRANJALI,Topic,islam,0.0,0.0,0.0,0.42857142857142855
D4DATA-on-PRANJALI,Topic,marriage-equality,0.0,0.0,0.0,0.5735294117647058
D4DATA-on-PRANJALI,Topic,middle-class,1.0,0.38461538461538464,0.5555555555555556,0.4074074074074074
D4DATA-on-PRANJALI,Topic,sport,1.0,0.6206896551724138,0.7659574468085106,0.6206896551724138
D4DATA-on-PRANJALI,Topic,student-debt,1.0,0.5454545454545454,0.7058823529411765,0.5454545454545454
D4DATA-on-PRANJALI,Topic,taxes,0.9444444444444444,0.3269230769230769,0.4857142857142857,0.3333333333333333
D4DATA-on-PRANJALI,Topic,trump-presidency,0.9473684210526315,0.6923076923076923,0.8,0.6666666666666666
D4DATA-on-PRANJALI,Topic,universal health care,0.9230769230769231,0.2857142857142857,0.43636363636363634,0.3404255319148936
D4DATA-on-PRANJALI,Topic,vaccines,0.3870967741935484,0.5217391304347826,0.4444444444444444,0.6629213483146067
D4DATA-on-PRANJALI,Topic,white-nationalism,0.7222222222222222,0.6842105263157895,0.7027027027027027,0.6333333333333333
VALURANK-on-PRANJALI,Type,center,1.0,0.6764705882352942,0.8070175438596491,0.6764705882352942
VALURANK-on-PRANJALI,Type,left,1.0,0.3645320197044335,0.5342960288808665,0.3645320197044335
VALURANK-on-PRANJALI,Type,right,1.0,0.40609137055837563,0.5776173285198556,0.40609137055837563
VALURANK-on-PRANJALI,Topic,#metoo,1.0,0.3333333333333333,0.5,0.42857142857142855
VALURANK-on-PRANJALI,Topic,abortion,0.8235294117647058,0.3783783783783784,0.5185185185185185,0.43478260869565216
VALURANK-on-PRANJALI,Topic,blm,0.5102040816326531,0.5319148936170213,0.5208333333333334,0.4523809523809524
VALURANK-on-PRANJALI,Topic,coronavirus,0.7647058823529411,0.7647058823529411,0.7647058823529411,0.6190476190476191
VALURANK-on-PRANJALI,Topic,elections-2020,0.7142857142857143,0.43478260869565216,0.5405405405405406,0.41379310344827586
VALURANK-on-PRANJALI,Topic,environment,0.7083333333333334,0.5151515151515151,0.5964912280701754,0.425
VALURANK-on-PRANJALI,Topic,gender,0.75,0.3157894736842105,0.4444444444444444,0.3181818181818182
VALURANK-on-PRANJALI,Topic,gun control,0.7659574468085106,0.48,0.5901639344262295,0.4318181818181818
VALURANK-on-PRANJALI,Topic,immigration,0.6666666666666666,0.6086956521739131,0.6363636363636364,0.5294117647058824
VALURANK-on-PRANJALI,Topic,international-politics-and-world-news,0.35714285714285715,0.29411764705882354,0.3225806451612903,0.19230769230769232
VALURANK-on-PRANJALI,Topic,islam,0.0,0.0,0.0,0.4
VALURANK-on-PRANJALI,Topic,marriage-equality,0.0,0.0,0.0,0.6617647058823529
VALURANK-on-PRANJALI,Topic,middle-class,0.8888888888888888,0.3076923076923077,0.45714285714285713,0.2962962962962963
VALURANK-on-PRANJALI,Topic,sport,1.0,0.3793103448275862,0.55,0.3793103448275862
VALURANK-on-PRANJALI,Topic,student-debt,1.0,0.5,0.6666666666666666,0.5
VALURANK-on-PRANJALI,Topic,taxes,0.9642857142857143,0.5192307692307693,0.675,0.5185185185185185
VALURANK-on-PRANJALI,Topic,trump-presidency,0.9,0.34615384615384615,0.5,0.3333333333333333
VALURANK-on-PRANJALI,Topic,universal health care,0.8461538461538461,0.5238095238095238,0.6470588235294118,0.48936170212765956
VALURANK-on-PRANJALI,Topic,vaccines,0.23529411764705882,0.5217391304347826,0.32432432432432434,0.43820224719101125
VALURANK-on-PRANJALI,Topic,white-nationalism,0.5714285714285714,0.21052631578947367,0.3076923076923077,0.4
D1V1DE-on-BABE-on-PRANJALI,Type,center,1.0,0.8088235294117647,0.8943089430894309,0.8088235294117647
D1V1DE-on-BABE-on-PRANJALI,Type,left,1.0,0.3842364532019704,0.5551601423487544,0.3842364532019704
D1V1DE-on-BABE-on-PRANJALI,Type,right,1.0,0.41116751269035534,0.5827338129496403,0.41116751269035534
D1V1DE-on-BABE-on-PRANJALI,Topic,#metoo,0.8,0.6666666666666666,0.7272727272727273,0.5714285714285714
D1V1DE-on-BABE-on-PRANJALI,Topic,abortion,0.7272727272727273,0.43243243243243246,0.5423728813559322,0.41304347826086957
D1V1DE-on-BABE-on-PRANJALI,Topic,blm,0.47692307692307695,0.6595744680851063,0.5535714285714286,0.40476190476190477
D1V1DE-on-BABE-on-PRANJALI,Topic,coronavirus,0.7777777777777778,0.8235294117647058,0.8,0.6666666666666666
D1V1DE-on-BABE-on-PRANJALI,Topic,elections-2020,0.625,0.43478260869565216,0.5128205128205128,0.3448275862068966
D1V1DE-on-BABE-on-PRANJALI,Topic,environment,0.7391304347826086,0.5151515151515151,0.6071428571428571,0.45
D1V1DE-on-BABE-on-PRANJALI,Topic,gender,0.8333333333333334,0.5263157894736842,0.6451612903225806,0.5
D1V1DE-on-BABE-on-PRANJALI,Topic,gun control,0.76,0.5066666666666667,0.608,0.4431818181818182
D1V1DE-on-BABE-on-PRANJALI,Topic,immigration,0.5384615384615384,0.30434782608695654,0.3888888888888889,0.35294117647058826
D1V1DE-on-BABE-on-PRANJALI,Topic,international-politics-and-world-news,0.4375,0.4117647058823529,0.42424242424242425,0.2692307692307692
D1V1DE-on-BABE-on-PRANJALI,Topic,islam,0.0,0.0,0.0,0.34285714285714286
D1V1DE-on-BABE-on-PRANJALI,Topic,marriage-equality,0.0,0.0,0.0,0.5147058823529411
D1V1DE-on-BABE-on-PRANJALI,Topic,middle-class,0.9090909090909091,0.38461538461538464,0.5405405405405406,0.37037037037037035
D1V1DE-on-BABE-on-PRANJALI,Topic,sport,1.0,0.7586206896551724,0.8627450980392157,0.7586206896551724
D1V1DE-on-BABE-on-PRANJALI,Topic,student-debt,1.0,0.4090909090909091,0.5806451612903226,0.4090909090909091
D1V1DE-on-BABE-on-PRANJALI,Topic,taxes,0.9666666666666667,0.5576923076923077,0.7073170731707317,0.5555555555555556
D1V1DE-on-BABE-on-PRANJALI,Topic,trump-presidency,0.8888888888888888,0.3076923076923077,0.45714285714285713,0.2962962962962963
D1V1DE-on-BABE-on-PRANJALI,Topic,universal health care,0.8571428571428571,0.5714285714285714,0.6857142857142857,0.5319148936170213
D1V1DE-on-BABE-on-PRANJALI,Topic,vaccines,0.14035087719298245,0.34782608695652173,0.2,0.2808988764044944
D1V1DE-on-BABE-on-PRANJALI,Topic,white-nationalism,0.45454545454545453,0.2631578947368421,0.3333333333333333,0.3333333333333333
D4DATA-on-BABE-on-PRANJALI,Type,center,1.0,0.2867647058823529,0.44571428571428573,0.2867647058823529
D4DATA-on-BABE-on-PRANJALI,Type,left,1.0,0.6108374384236454,0.7584097859327217,0.6108374384236454
D4DATA-on-BABE-on-PRANJALI,Type,right,1.0,0.6243654822335025,0.76875,0.6243654822335025
D4DATA-on-BABE-on-PRANJALI,Topic,#metoo,0.5,0.16666666666666666,0.25,0.14285714285714285
D4DATA-on-BABE-on-PRANJALI,Topic,abortion,0.8666666666666667,0.7027027027027027,0.7761194029850746,0.6739130434782609
D4DATA-on-BABE-on-PRANJALI,Topic,blm,0.88,0.46808510638297873,0.6111111111111112,0.6666666666666666
D4DATA-on-BABE-on-PRANJALI,Topic,coronavirus,1.0,0.35294117647058826,0.5217391304347826,0.47619047619047616
D4DATA-on-BABE-on-PRANJALI,Topic,elections-2020,0.85,0.7391304347826086,0.7906976744186046,0.6896551724137931
D4DATA-on-BABE-on-PRANJALI,Topic,environment,0.8888888888888888,0.48484848484848486,0.6274509803921569,0.525
D4DATA-on-BABE-on-PRANJALI,Topic,gender,1.0,0.5789473684210527,0.7333333333333333,0.6363636363636364
D4DATA-on-BABE-on-PRANJALI,Topic,gun control,0.9090909090909091,0.5333333333333333,0.6722689075630253,0.5568181818181818
D4DATA-on-BABE-on-PRANJALI,Topic,immigration,0.8823529411764706,0.6521739130434783,0.75,0.7058823529411765
D4DATA-on-BABE-on-PRANJALI,Topic,international-politics-and-world-news,1.0,0.5294117647058824,0.6923076923076923,0.6923076923076923
D4DATA-on-BABE-on-PRANJALI,Topic,islam,0.0,0.0,0.0,0.5428571428571428
D4DATA-on-BABE-on-PRANJALI,Topic,marriage-equality,0.0,0.0,0.0,0.7205882352941176
D4DATA-on-BABE-on-PRANJALI,Topic,middle-class,1.0,0.5,0.6666666666666666,0.5185185185185185
D4DATA-on-BABE-on-PRANJALI,Topic,sport,1.0,0.5517241379310345,0.7111111111111111,0.5517241379310345
D4DATA-on-BABE-on-PRANJALI,Topic,student-debt,1.0,0.6363636363636364,0.7777777777777778,0.6363636363636364
D4DATA-on-BABE-on-PRANJALI,Topic,taxes,0.92,0.4423076923076923,0.5974025974025974,0.42592592592592593
D4DATA-on-BABE-on-PRANJALI,Topic,trump-presidency,1.0,0.6923076923076923,0.8181818181818182,0.7037037037037037
D4DATA-on-BABE-on-PRANJALI,Topic,universal health care,0.9285714285714286,0.30952380952380953,0.4642857142857143,0.3617021276595745
D4DATA-on-BABE-on-PRANJALI,Topic,vaccines,0.39285714285714285,0.4782608695652174,0.43137254901960786,0.6741573033707865
D4DATA-on-BABE-on-PRANJALI,Topic,white-nationalism,0.8823529411764706,0.7894736842105263,0.8333333333333334,0.8
VALURANK-on-BABE-on-PRANJALI,Type,center,1.0,0.7279411764705882,0.8425531914893617,0.7279411764705882
VALURANK-on-BABE-on-PRANJALI,Type,left,1.0,0.4630541871921182,0.632996632996633,0.4630541871921182
VALURANK-on-BABE-on-PRANJALI,Type,right,1.0,0.4263959390862944,0.597864768683274,0.4263959390862944
VALURANK-on-BABE-on-PRANJALI,Topic,#metoo,1.0,0.16666666666666666,0.2857142857142857,0.2857142857142857
VALURANK-on-BABE-on-PRANJALI,Topic,abortion,0.7142857142857143,0.5405405405405406,0.6153846153846154,0.45652173913043476
VALURANK-on-BABE-on-PRANJALI,Topic,blm,0.47540983606557374,0.6170212765957447,0.5370370370370371,0.40476190476190477
VALURANK-on-BABE-on-PRANJALI,Topic,coronavirus,0.7894736842105263,0.8823529411764706,0.8333333333333334,0.7142857142857143
VALURANK-on-BABE-on-PRANJALI,Topic,elections-2020,0.7333333333333333,0.4782608695652174,0.5789473684210527,0.4482758620689655
VALURANK-on-BABE-on-PRANJALI,Topic,environment,0.7916666666666666,0.5757575757575758,0.6666666666666666,0.525
VALURANK-on-BABE-on-PRANJALI,Topic,gender,0.7272727272727273,0.42105263157894735,0.5333333333333333,0.36363636363636365
VALURANK-on-BABE-on-PRANJALI,Topic,gun control,0.7884615384615384,0.5466666666666666,0.6456692913385826,0.48863636363636365
VALURANK-on-BABE-on-PRANJALI,Topic,immigration,0.7,0.6086956521739131,0.6511627906976745,0.5588235294117647
VALURANK-on-BABE-on-PRANJALI,Topic,international-politics-and-world-news,0.5909090909090909,0.7647058823529411,0.6666666666666666,0.5
VALURANK-on-BABE-on-PRANJALI,Topic,islam,0.0,0.0,0.0,0.3142857142857143
VALURANK-on-BABE-on-PRANJALI,Topic,marriage-equality,0.0,0.0,0.0,0.4411764705882353
VALURANK-on-BABE-on-PRANJALI,Topic,middle-class,0.875,0.2692307692307692,0.4117647058823529,0.25925925925925924
VALURANK-on-BABE-on-PRANJALI,Topic,sport,1.0,0.5517241379310345,0.7111111111111111,0.5517241379310345
VALURANK-on-BABE-on-PRANJALI,Topic,student-debt,1.0,0.36363636363636365,0.5333333333333333,0.36363636363636365
VALURANK-on-BABE-on-PRANJALI,Topic,taxes,0.9629629629629629,0.5,0.6582278481012658,0.5
VALURANK-on-BABE-on-PRANJALI,Topic,trump-presidency,0.8888888888888888,0.3076923076923077,0.45714285714285713,0.2962962962962963
VALURANK-on-BABE-on-PRANJALI,Topic,universal health care,0.9310344827586207,0.6428571428571429,0.7605633802816901,0.6382978723404256
VALURANK-on-BABE-on-PRANJALI,Topic,vaccines,0.14516129032258066,0.391304347826087,0.21176470588235294,0.24719101123595505
VALURANK-on-BABE-on-PRANJALI,Topic,white-nationalism,0.5,0.2631578947368421,0.3448275862068966,0.36666666666666664
